iter,task_train_acc_pre_optim,task_train_acc_post_optim,task_test_acc_pre_optim,task_test_acc_post_optim
10,0.2,0.17600001,0.216,0.192
20,0.2,0.2,0.2,0.208
30,0.2,0.20799999,0.192,0.2
40,0.2,0.2,0.192,0.2
50,0.168,0.23200001,0.216,0.20799999
60,0.20799999,0.208,0.18400002,0.2
70,0.272,0.22400002,0.22400002,0.2
80,0.176,0.23200001,0.18400002,0.216
90,0.192,0.23200001,0.216,0.272
100,0.18400002,0.22400002,0.16,0.23200001
110,0.208,0.248,0.192,0.256
120,0.216,0.24,0.192,0.23200001
130,0.20799999,0.256,0.216,0.28
140,0.2,0.29600003,0.20799999,0.26400003
150,0.216,0.32,0.24,0.28800002
160,0.16800001,0.32,0.2,0.336
170,0.18400002,0.29600003,0.18400002,0.33600003
180,0.18400002,0.30400002,0.22400002,0.30400002
190,0.2,0.25599998,0.2,0.32799998
200,0.16,0.296,0.23200001,0.33600003
210,0.16,0.32800004,0.2,0.33600003
220,0.192,0.28800002,0.2,0.352
230,0.216,0.296,0.184,0.35200006
240,0.192,0.344,0.216,0.32
250,0.216,0.272,0.184,0.344
260,0.184,0.33600003,0.144,0.352
270,0.192,0.33600003,0.2,0.32800004
280,0.216,0.32,0.192,0.37600002
290,0.2,0.36,0.208,0.368
300,0.16,0.33600003,0.17599998,0.352
310,0.192,0.304,0.176,0.32800004
320,0.23200001,0.352,0.14400001,0.344
330,0.216,0.352,0.2,0.4
340,0.15200001,0.376,0.208,0.32800004
350,0.176,0.33600003,0.23200001,0.4
360,0.184,0.32,0.184,0.36
370,0.216,0.312,0.208,0.39200002
380,0.232,0.36,0.176,0.32
390,0.168,0.37600002,0.18400002,0.36000004
400,0.23200001,0.36,0.20799999,0.36800003
410,0.176,0.41599998,0.16,0.37600002
420,0.20799999,0.296,0.256,0.376
430,0.16800001,0.36,0.2,0.36
440,0.152,0.32800004,0.24,0.344
450,0.192,0.32799998,0.216,0.36
460,0.24,0.32799998,0.184,0.36800003
470,0.192,0.368,0.176,0.33600003
480,0.168,0.36800003,0.168,0.36
490,0.111999996,0.33600003,0.248,0.32800004
500,0.23200001,0.384,0.176,0.36800003
510,0.16,0.33600003,0.15200001,0.408
520,0.176,0.39200002,0.2,0.4
530,0.18400002,0.4,0.20799999,0.36800003
540,0.192,0.37600002,0.208,0.384
550,0.192,0.35200006,0.2,0.40800002
560,0.2,0.39200005,0.192,0.42400002
570,0.152,0.352,0.2,0.42400002
580,0.152,0.33600003,0.16,0.32800004
590,0.23200001,0.384,0.128,0.40800002
600,0.192,0.384,0.21599999,0.344
610,0.23200001,0.4,0.23200001,0.40800002
620,0.18400002,0.4,0.22400002,0.36
630,0.20799999,0.41599998,0.176,0.432
640,0.22400002,0.44799998,0.176,0.368
650,0.22400002,0.504,0.272,0.44
660,0.24,0.432,0.16,0.41599998
670,0.24,0.42400002,0.176,0.40800002
680,0.192,0.4,0.23200001,0.4
690,0.16,0.384,0.22399999,0.44
700,0.2,0.40800002,0.192,0.39200002
710,0.208,0.36800003,0.192,0.40800002
720,0.256,0.44799998,0.23200001,0.44
730,0.14400001,0.4,0.176,0.4
740,0.272,0.40000004,0.176,0.376
750,0.192,0.416,0.216,0.37600002
760,0.2,0.40800002,0.168,0.40800002
770,0.14400001,0.46400002,0.256,0.47200003
780,0.2,0.44800004,0.176,0.40800002
790,0.24000002,0.45599997,0.22400002,0.44
800,0.20799999,0.504,0.176,0.48
810,0.14400001,0.416,0.192,0.47199997
820,0.144,0.496,0.103999995,0.42400002
830,0.216,0.4,0.192,0.44
840,0.208,0.42400002,0.16800001,0.42400002
850,0.176,0.45599997,0.216,0.46400002
860,0.256,0.46400002,0.272,0.40800002
870,0.176,0.504,0.216,0.472
880,0.2,0.44,0.15200001,0.45599997
890,0.23200001,0.4,0.24,0.44800004
900,0.208,0.44,0.192,0.47199997
910,0.23200001,0.46400002,0.20799999,0.45599997
920,0.22399999,0.41599998,0.176,0.44
930,0.18400002,0.44,0.136,0.48
940,0.176,0.46400002,0.24,0.45599997
950,0.184,0.376,0.192,0.45599997
960,0.168,0.48,0.264,0.432
970,0.176,0.408,0.23200001,0.51199996
980,0.216,0.45600003,0.12,0.49600002
990,0.22399999,0.46400002,0.17599998,0.384
1000,0.22399999,0.48,0.24,0.40800002
1010,0.20799999,0.496,0.25599998,0.45599997
1020,0.15200001,0.48800004,0.2,0.48
1030,0.208,0.4,0.184,0.384
1040,0.176,0.47199997,0.2,0.48
1050,0.23200001,0.44,0.192,0.472
1060,0.2,0.504,0.176,0.45599997
1070,0.2,0.45599997,0.184,0.496
1080,0.21600002,0.44799998,0.22399999,0.4
1090,0.136,0.44,0.17599998,0.496
1100,0.216,0.472,0.23200001,0.48
1110,0.20799999,0.48800004,0.208,0.47199997
1120,0.28,0.496,0.208,0.48
1130,0.192,0.52800006,0.2,0.512
1140,0.15200001,0.45599997,0.216,0.472
1150,0.256,0.488,0.21600002,0.496
1160,0.216,0.44,0.216,0.52
1170,0.192,0.51199996,0.20799999,0.504
1180,0.256,0.44800004,0.20799999,0.488
1190,0.216,0.496,0.15200001,0.44
1200,0.18400002,0.432,0.16,0.48
1210,0.18400002,0.512,0.14400001,0.432
1220,0.192,0.45599997,0.2,0.472
1230,0.168,0.52,0.16800001,0.48
1240,0.23200001,0.464,0.24800001,0.536
1250,0.168,0.45600003,0.216,0.52800006
1260,0.144,0.472,0.2,0.47199997
1270,0.216,0.41599998,0.208,0.544
1280,0.192,0.48800004,0.208,0.52800006
1290,0.176,0.55200005,0.208,0.376
1300,0.15200001,0.48,0.12,0.432
1310,0.176,0.46400002,0.176,0.44800004
1320,0.184,0.56000006,0.192,0.52
1330,0.16,0.43199998,0.2,0.52
1340,0.296,0.536,0.192,0.52799994
1350,0.144,0.52800006,0.18400002,0.52800006
1360,0.18400002,0.512,0.16800001,0.56799996
1370,0.20799999,0.48,0.16,0.48800004
1380,0.23200001,0.51199996,0.18400002,0.536
1390,0.18400002,0.46400002,0.2,0.52800006
1400,0.2,0.512,0.176,0.48
1410,0.192,0.52,0.208,0.496
1420,0.23200001,0.512,0.168,0.46400002
1430,0.14400001,0.49600002,0.176,0.48800004
1440,0.2,0.52,0.176,0.46400002
1450,0.176,0.528,0.248,0.56
1460,0.23200001,0.472,0.256,0.56
1470,0.23200001,0.536,0.16,0.44
1480,0.23200001,0.504,0.23200001,0.496
1490,0.16,0.52800006,0.18400002,0.49600002
1500,0.192,0.48,0.23200001,0.496
1510,0.256,0.568,0.23200001,0.52
1520,0.176,0.52,0.2,0.528
1530,0.16,0.496,0.184,0.536
1540,0.20799999,0.52,0.24,0.46400002
1550,0.216,0.51199996,0.2,0.512
1560,0.192,0.576,0.22400002,0.52799994
1570,0.22400002,0.568,0.21600002,0.55200005
1580,0.2,0.496,0.24,0.44800004
1590,0.192,0.496,0.2,0.504
1600,0.24,0.49600002,0.216,0.576
1610,0.248,0.504,0.18400002,0.544
1620,0.22399999,0.544,0.23200001,0.48000005
1630,0.22399999,0.52800006,0.2,0.48800004
1640,0.248,0.576,0.216,0.552
1650,0.216,0.536,0.2,0.576
1660,0.192,0.552,0.192,0.55200005
1670,0.192,0.512,0.16,0.576
1680,0.15200001,0.568,0.22400002,0.52
1690,0.2,0.52800006,0.23200001,0.52800006
1700,0.304,0.544,0.192,0.52799994
1710,0.18400002,0.52,0.192,0.60800004
1720,0.128,0.584,0.23200001,0.488
1730,0.23200001,0.48,0.16,0.44799998
1740,0.216,0.512,0.184,0.504
1750,0.2,0.56,0.2,0.48800004
1760,0.2,0.536,0.248,0.544
1770,0.216,0.472,0.2,0.528
1780,0.2,0.528,0.22399999,0.54399997
1790,0.256,0.496,0.16,0.59200007
1800,0.12,0.52800006,0.192,0.536
1810,0.25599998,0.56,0.23200001,0.512
1820,0.24800001,0.616,0.232,0.576
1830,0.176,0.52000004,0.2,0.52
1840,0.208,0.528,0.24,0.568
1850,0.136,0.504,0.24,0.544
1860,0.2,0.544,0.208,0.52000004
1870,0.20799999,0.544,0.23200001,0.56
1880,0.24,0.624,0.22400002,0.52
1890,0.22400002,0.512,0.18400002,0.48800004
1900,0.16,0.512,0.20799999,0.536
1910,0.256,0.584,0.16800001,0.528
1920,0.184,0.59200007,0.18400002,0.488
1930,0.216,0.48,0.2,0.51199996
1940,0.192,0.52800006,0.16800001,0.616
1950,0.192,0.512,0.28,0.536
1960,0.264,0.55200005,0.152,0.568
1970,0.24,0.56,0.2,0.59199995
1980,0.128,0.576,0.176,0.57600003
1990,0.22400002,0.544,0.18400002,0.536
2000,0.20000002,0.55200005,0.23200001,0.552
2010,0.152,0.648,0.216,0.58400005
2020,0.176,0.512,0.2,0.496
2030,0.18400002,0.544,0.208,0.52800006
2040,0.24800003,0.552,0.216,0.52
2050,0.24800001,0.504,0.2,0.568
2060,0.23200001,0.56,0.192,0.568
2070,0.2,0.584,0.192,0.584
2080,0.2,0.5360001,0.216,0.504
2090,0.216,0.592,0.16,0.544
2100,0.216,0.552,0.23200001,0.568
2110,0.2,0.584,0.24800001,0.568
2120,0.20799999,0.47199997,0.168,0.56000006
2130,0.2,0.6,0.184,0.512
2140,0.192,0.544,0.168,0.48
2150,0.2,0.6,0.23200001,0.568
2160,0.176,0.52,0.22400002,0.544
2170,0.23200001,0.536,0.18400002,0.504
2180,0.24,0.48800004,0.22399999,0.52
2190,0.192,0.552,0.136,0.52800006
2200,0.2,0.52800006,0.192,0.59199995
2210,0.16800001,0.624,0.15200001,0.52800006
2220,0.208,0.544,0.24,0.552
2230,0.256,0.52,0.22400002,0.56
2240,0.2,0.544,0.168,0.536
2250,0.2,0.59200007,0.16,0.536
2260,0.208,0.568,0.18400002,0.504
2270,0.23200001,0.42400002,0.23200001,0.568
2280,0.2,0.6560001,0.208,0.544
2290,0.16800001,0.584,0.22400002,0.52800006
2300,0.216,0.576,0.16,0.536
2310,0.152,0.56,0.184,0.6
2320,0.26399997,0.56000006,0.16,0.55200005
2330,0.23200001,0.688,0.16800001,0.568
2340,0.23200001,0.57600003,0.21599999,0.576
2350,0.176,0.52,0.21600002,0.504
2360,0.18400002,0.56,0.192,0.52
2370,0.23200001,0.57600003,0.176,0.576
2380,0.22400002,0.584,0.24,0.60800004
2390,0.2,0.648,0.18400002,0.55200005
2400,0.176,0.624,0.16,0.576
2410,0.23200001,0.6560001,0.22400002,0.60800004
2420,0.208,0.568,0.15200001,0.52800006
2430,0.216,0.48,0.168,0.584
2440,0.184,0.52,0.184,0.56
2450,0.22400002,0.6,0.128,0.52799994
2460,0.2,0.52800006,0.2,0.544
2470,0.144,0.512,0.18400002,0.544
2480,0.15200001,0.6,0.15200001,0.536
2490,0.22399999,0.568,0.2,0.60800004
2500,0.22399999,0.6,0.248,0.6
2510,0.23200001,0.6240001,0.22399999,0.52
2520,0.29600003,0.56799996,0.23200001,0.568
2530,0.176,0.55200005,0.176,0.60800004
2540,0.24,0.56,0.26400003,0.56
2550,0.17599998,0.52,0.22399999,0.568
2560,0.192,0.56000006,0.22399999,0.55200005
2570,0.216,0.56,0.20799999,0.6
2580,0.152,0.56,0.18400002,0.56
2590,0.2,0.544,0.24800001,0.584
2600,0.2,0.6,0.216,0.632
2610,0.216,0.584,0.2,0.616
2620,0.24,0.64,0.12,0.616
2630,0.2,0.55200005,0.16,0.632
2640,0.2,0.632,0.22399999,0.624
2650,0.216,0.56799996,0.18400002,0.616
2660,0.192,0.57600003,0.216,0.64
2670,0.24,0.568,0.168,0.60800004
2680,0.20799999,0.568,0.264,0.57600003
2690,0.2,0.56,0.168,0.624
2700,0.144,0.544,0.16,0.584
2710,0.264,0.616,0.20799999,0.584
2720,0.24,0.56,0.26400003,0.52800006
2730,0.184,0.56,0.192,0.632
2740,0.192,0.59200007,0.23200001,0.576
2750,0.168,0.60800004,0.24800001,0.576
2760,0.216,0.576,0.22400002,0.536
2770,0.22400002,0.6,0.18400002,0.6
2780,0.16,0.544,0.192,0.64
2790,0.192,0.60800004,0.168,0.61600006
2800,0.16,0.584,0.21600002,0.616
2810,0.2,0.55200005,0.208,0.592
2820,0.192,0.59200007,0.14400001,0.57600003
2830,0.2,0.544,0.22400002,0.576
2840,0.176,0.544,0.19199999,0.60800004
2850,0.192,0.576,0.272,0.60800004
2860,0.168,0.584,0.20799999,0.57600003
2870,0.272,0.56,0.28,0.568
2880,0.16800001,0.568,0.16,0.59200007
2890,0.23200001,0.584,0.176,0.6400001
2900,0.176,0.59199995,0.21600002,0.504
2910,0.18400002,0.57600003,0.216,0.6
2920,0.208,0.632,0.216,0.568
2930,0.20799999,0.584,0.16800001,0.584
2940,0.296,0.528,0.22400002,0.584
2950,0.192,0.552,0.176,0.6
2960,0.2,0.616,0.18400002,0.58400005
2970,0.176,0.56,0.168,0.57600003
2980,0.18400002,0.568,0.19199999,0.59199995
2990,0.2,0.536,0.20799999,0.624
3000,0.16800001,0.64,0.192,0.624
3010,0.18400002,0.56,0.192,0.6
3020,0.168,0.57600003,0.192,0.56
3030,0.216,0.616,0.20799999,0.536
3040,0.23200001,0.544,0.216,0.576
3050,0.20799999,0.6,0.192,0.536
3060,0.2,0.624,0.168,0.59200007
3070,0.24000002,0.56,0.312,0.6
3080,0.21600002,0.576,0.208,0.624
3090,0.168,0.56,0.15200001,0.57600003
3100,0.176,0.6,0.24,0.624
3110,0.216,0.568,0.20799999,0.568
3120,0.12,0.59200007,0.22400002,0.568
3130,0.22399999,0.55200005,0.22399999,0.55200005
3140,0.15200001,0.60800004,0.176,0.60800004
3150,0.184,0.568,0.176,0.56
3160,0.2,0.6,0.18400002,0.60800004
3170,0.176,0.584,0.192,0.6
3180,0.2,0.624,0.184,0.55200005
3190,0.23200001,0.57600003,0.152,0.57600003
3200,0.208,0.584,0.208,0.56
3210,0.216,0.48,0.2,0.60800004
3220,0.176,0.496,0.24,0.616
3230,0.248,0.584,0.192,0.592
3240,0.20799999,0.584,0.18400002,0.528
3250,0.20799999,0.56,0.12,0.56
3260,0.2,0.576,0.24800001,0.552
3270,0.184,0.52800006,0.16,0.60800004
3280,0.20799999,0.52,0.192,0.624
3290,0.192,0.584,0.21599999,0.66400003
3300,0.24,0.60800004,0.168,0.648
3310,0.192,0.552,0.22400002,0.568
3320,0.216,0.608,0.248,0.56000006
3330,0.18400002,0.632,0.22399999,0.52800006
3340,0.216,0.64,0.2,0.552
3350,0.22400002,0.60800004,0.111999996,0.64
3360,0.2,0.59200007,0.272,0.672
3370,0.24,0.624,0.2,0.632
3380,0.176,0.60800004,0.184,0.6
3390,0.18400002,0.624,0.21599999,0.648
3400,0.24,0.65599996,0.136,0.584
3410,0.216,0.632,0.216,0.59199995
3420,0.18400002,0.59199995,0.21600002,0.6
3430,0.208,0.624,0.12,0.648
3440,0.21600002,0.59200007,0.216,0.60800004
3450,0.216,0.544,0.216,0.60800004
3460,0.15200001,0.576,0.18400002,0.59200007
3470,0.26400003,0.56,0.168,0.6240001
3480,0.216,0.57600003,0.296,0.67200005
3490,0.192,0.648,0.2,0.648
3500,0.192,0.64,0.216,0.6
3510,0.176,0.632,0.2,0.60800004
3520,0.208,0.624,0.22400002,0.648
3530,0.248,0.52800006,0.2,0.568
3540,0.192,0.65599996,0.168,0.6240001
3550,0.184,0.576,0.208,0.568
3560,0.184,0.64,0.192,0.624
3570,0.2,0.616,0.192,0.6
3580,0.192,0.616,0.22399999,0.632
3590,0.20799999,0.57600003,0.216,0.648
3600,0.232,0.632,0.23200001,0.56799996
3610,0.192,0.61600006,0.23200001,0.6
3620,0.176,0.5840001,0.24,0.60800004
3630,0.168,0.544,0.176,0.552
3640,0.216,0.632,0.16,0.64
3650,0.23200001,0.568,0.192,0.6240001
3660,0.2,0.64,0.256,0.61600006
3670,0.16,0.54399997,0.192,0.688
3680,0.2,0.57600003,0.16,0.63199997
3690,0.192,0.576,0.192,0.65599996
3700,0.272,0.648,0.18400002,0.66400003
3710,0.12,0.632,0.168,0.576
3720,0.2,0.688,0.20799999,0.63199997
3730,0.192,0.59199995,0.25599998,0.64
3740,0.16,0.57600003,0.216,0.568
3750,0.24,0.64,0.23200001,0.584
3760,0.12,0.66400003,0.256,0.616
3770,0.168,0.616,0.2,0.648
3780,0.21600002,0.648,0.216,0.648
3790,0.24800001,0.704,0.15200001,0.624
3800,0.16800001,0.56,0.20799999,0.624
3810,0.192,0.552,0.25599998,0.624
3820,0.14400001,0.576,0.18400002,0.488
3830,0.216,0.624,0.20799999,0.68
3840,0.22399999,0.536,0.23200001,0.624
3850,0.256,0.59200007,0.22399999,0.568
3860,0.21599999,0.568,0.23200001,0.688
3870,0.22399999,0.584,0.22399999,0.68
3880,0.2,0.584,0.192,0.616
3890,0.23200001,0.60800004,0.216,0.57600003
3900,0.22400002,0.63199997,0.16800001,0.59200007
3910,0.248,0.616,0.2,0.56
3920,0.20799999,0.592,0.192,0.55200005
3930,0.256,0.616,0.192,0.6
3940,0.22400002,0.6560001,0.216,0.57600003
3950,0.20799999,0.576,0.28,0.59199995
3960,0.16,0.584,0.272,0.72
3970,0.192,0.67200005,0.24,0.6
3980,0.20799999,0.64,0.16800001,0.64
3990,0.144,0.57600003,0.192,0.624
4000,0.14400001,0.6,0.272,0.648
4010,0.2,0.67200005,0.216,0.66400003
4020,0.20799999,0.6,0.16800001,0.59199995
4030,0.2,0.68,0.16,0.65599996
4040,0.20799999,0.672,0.192,0.60800004
4050,0.28,0.59200007,0.192,0.6560001
4060,0.24,0.624,0.2,0.584
4070,0.192,0.6,0.20799999,0.56
4080,0.28800002,0.6,0.28800002,0.56
4090,0.28800002,0.616,0.24800001,0.60800004
4100,0.20799999,0.56000006,0.152,0.624
4110,0.23200001,0.6,0.24800001,0.584
4120,0.256,0.624,0.2,0.616
4130,0.152,0.584,0.20799999,0.59199995
4140,0.23200001,0.672,0.23200001,0.688
4150,0.176,0.616,0.152,0.552
4160,0.216,0.576,0.216,0.64
4170,0.20799999,0.61600006,0.22399999,0.60800004
4180,0.2,0.624,0.23200001,0.6400001
4190,0.23200001,0.60800004,0.168,0.56
4200,0.216,0.592,0.24800001,0.592
4210,0.18400002,0.648,0.184,0.56
4220,0.216,0.7120001,0.192,0.624
4230,0.184,0.64,0.17599998,0.6
4240,0.22399999,0.66400003,0.248,0.72800004
4250,0.192,0.57600003,0.15200001,0.64
4260,0.22400002,0.624,0.176,0.592
4270,0.23200001,0.624,0.18400002,0.56
4280,0.2,0.672,0.24,0.64
4290,0.144,0.6560001,0.192,0.688
4300,0.19199999,0.576,0.23200001,0.60800004
4310,0.208,0.648,0.192,0.60800004
4320,0.20799999,0.584,0.128,0.59199995
4330,0.136,0.584,0.192,0.584
4340,0.15200001,0.608,0.192,0.624
4350,0.18400002,0.624,0.18400002,0.584
4360,0.176,0.688,0.192,0.64
4370,0.2,0.704,0.192,0.59199995
4380,0.176,0.616,0.192,0.61600006
4390,0.272,0.616,0.24,0.616
4400,0.22399999,0.688,0.248,0.616
4410,0.2,0.59200007,0.2,0.68
4420,0.18400002,0.584,0.2,0.624
4430,0.22399999,0.688,0.208,0.592
4440,0.23200001,0.624,0.192,0.66400003
4450,0.104,0.6,0.20799999,0.6
4460,0.23200001,0.60800004,0.22399999,0.6560001
4470,0.184,0.56,0.2,0.624
4480,0.24800001,0.6,0.192,0.64
4490,0.26400003,0.648,0.192,0.616
4500,0.208,0.632,0.216,0.63199997
4510,0.136,0.66400003,0.216,0.624
4520,0.184,0.64,0.20799999,0.55200005
4530,0.20799999,0.60800004,0.24800001,0.584
4540,0.176,0.66400003,0.15200001,0.67200005
4550,0.15200001,0.624,0.216,0.59200007
4560,0.256,0.6560001,0.18400002,0.6560001
4570,0.2,0.64,0.24,0.6
4580,0.216,0.57600003,0.18400002,0.616
4590,0.19199999,0.576,0.216,0.672
4600,0.22400002,0.592,0.272,0.672
4610,0.20799999,0.648,0.23200001,0.7200001
4620,0.18400002,0.688,0.14400001,0.66400003
4630,0.18400002,0.576,0.20799999,0.67200005
4640,0.22399999,0.584,0.168,0.64
4650,0.176,0.648,0.16800001,0.544
4660,0.192,0.632,0.18400002,0.56
4670,0.136,0.648,0.2,0.624
4680,0.232,0.704,0.184,0.60800004
4690,0.15200001,0.61600006,0.16,0.60800004
4700,0.192,0.61600006,0.192,0.60800004
4710,0.2,0.624,0.208,0.568
4720,0.22400002,0.608,0.208,0.6
4730,0.208,0.60800004,0.23200001,0.56000006
4740,0.192,0.624,0.23200001,0.672
4750,0.128,0.60800004,0.15200001,0.6
4760,0.2,0.6,0.14400001,0.624
4770,0.22400002,0.56,0.176,0.59200007
4780,0.18400002,0.6,0.23200001,0.584
4790,0.24800001,0.67200005,0.208,0.616
4800,0.23200001,0.696,0.22400002,0.67200005
4810,0.184,0.61600006,0.136,0.632
4820,0.2,0.68,0.192,0.59200007
4830,0.248,0.68,0.18400002,0.64
4840,0.2,0.64,0.2,0.624
4850,0.25599998,0.57600003,0.152,0.6560001
4860,0.192,0.552,0.176,0.624
4870,0.136,0.68,0.256,0.624
4880,0.20799999,0.584,0.20799999,0.632
4890,0.168,0.6,0.18400002,0.632
4900,0.152,0.648,0.23200001,0.624
4910,0.176,0.64,0.20799999,0.632
4920,0.216,0.632,0.15200001,0.57600003
4930,0.152,0.61600006,0.16,0.6
4940,0.2,0.6000001,0.20799999,0.64
4950,0.192,0.56,0.192,0.6560001
4960,0.20799999,0.59199995,0.16800001,0.696
4970,0.152,0.68,0.176,0.568
4980,0.16800001,0.63199997,0.23200001,0.648
4990,0.23200001,0.624,0.216,0.584
5000,0.128,0.6000001,0.296,0.616
5010,0.168,0.66400003,0.256,0.69600004
5020,0.176,0.648,0.176,0.68
5030,0.176,0.66400003,0.216,0.592
5040,0.18400002,0.568,0.12,0.672
5050,0.192,0.64,0.128,0.584
5060,0.16800001,0.632,0.20799999,0.62399995
5070,0.22399999,0.672,0.2,0.65599996
5080,0.16800001,0.632,0.24800001,0.69600004
5090,0.23200001,0.6560001,0.192,0.616
5100,0.20799999,0.60800004,0.16,0.65599996
5110,0.256,0.71199995,0.22400002,0.68
5120,0.2,0.69600004,0.168,0.592
5130,0.20799999,0.59200007,0.22400002,0.624
5140,0.22400002,0.6,0.22400002,0.68
5150,0.216,0.568,0.24,0.60800004
5160,0.20799999,0.624,0.18400002,0.616
5170,0.176,0.72,0.24,0.624
5180,0.176,0.648,0.20799999,0.6
5190,0.208,0.576,0.24800001,0.688
5200,0.168,0.592,0.208,0.64
5210,0.208,0.64,0.216,0.64
5220,0.16,0.616,0.176,0.592
5230,0.23200001,0.60800004,0.184,0.65599996
5240,0.216,0.69600004,0.136,0.624
5250,0.22400002,0.64,0.208,0.60800004
5260,0.22399999,0.576,0.248,0.60800004
5270,0.168,0.71199995,0.192,0.568
5280,0.192,0.68,0.192,0.632
5290,0.176,0.59200007,0.2,0.66400003
5300,0.216,0.60800004,0.18400002,0.584
5310,0.20799999,0.672,0.192,0.672
5320,0.20799999,0.704,0.216,0.632
5330,0.18400002,0.66400003,0.20799999,0.64
5340,0.23200001,0.552,0.22399999,0.616
5350,0.22399999,0.632,0.14400001,0.544
5360,0.24,0.66400003,0.23200001,0.6560001
5370,0.144,0.616,0.20799999,0.632
5380,0.2,0.632,0.216,0.68000007
5390,0.2,0.60800004,0.20799999,0.64
5400,0.28800002,0.69600004,0.176,0.64
5410,0.22400002,0.584,0.192,0.6560001
5420,0.192,0.624,0.2,0.632
5430,0.184,0.60800004,0.18400002,0.624
5440,0.18400002,0.60800004,0.176,0.64
5450,0.20799999,0.64,0.216,0.648
5460,0.216,0.67200005,0.23200001,0.6
5470,0.24,0.6560001,0.2,0.632
5480,0.208,0.616,0.184,0.592
5490,0.208,0.64,0.192,0.6
5500,0.208,0.6560001,0.20799999,0.568
5510,0.18400002,0.63199997,0.20799999,0.66400003
5520,0.2,0.57600003,0.20799999,0.584
5530,0.192,0.704,0.22400002,0.568
5540,0.24000002,0.72,0.15200001,0.632
5550,0.18400002,0.648,0.2,0.65599996
5560,0.23200001,0.632,0.16,0.632
5570,0.23200001,0.632,0.2,0.576
5580,0.20799999,0.64,0.192,0.59200007
5590,0.216,0.632,0.14400001,0.60800004
5600,0.15200001,0.624,0.216,0.6560001
5610,0.176,0.56,0.23200001,0.648
5620,0.216,0.66400003,0.18400002,0.64
5630,0.216,0.624,0.25599998,0.67200005
5640,0.192,0.688,0.24,0.6
5650,0.192,0.696,0.24,0.67200005
5660,0.16,0.624,0.2,0.57600003
5670,0.232,0.64,0.21599999,0.64
5680,0.216,0.672,0.23200001,0.616
5690,0.176,0.67200005,0.20799999,0.704
5700,0.14400001,0.752,0.184,0.688
5710,0.15200001,0.60800004,0.16800001,0.6640001
5720,0.208,0.624,0.144,0.584
5730,0.128,0.648,0.16,0.64
5740,0.23200001,0.648,0.216,0.552
5750,0.192,0.688,0.20799999,0.616
5760,0.216,0.624,0.192,0.544
5770,0.192,0.624,0.15200001,0.6560001
5780,0.192,0.544,0.23200001,0.584
5790,0.23200001,0.688,0.192,0.65599996
5800,0.23200001,0.672,0.2,0.608
5810,0.256,0.64,0.176,0.672
5820,0.16,0.66400003,0.176,0.632
5830,0.176,0.6,0.16,0.7120001
5840,0.256,0.648,0.216,0.552
5850,0.23200001,0.67200005,0.23200001,0.632
5860,0.176,0.608,0.16,0.56
5870,0.30400002,0.704,0.20799999,0.592
5880,0.20799999,0.60800004,0.208,0.672
5890,0.216,0.65599996,0.168,0.648
5900,0.13599999,0.71199995,0.20799999,0.60800004
5910,0.256,0.67200005,0.168,0.68
5920,0.184,0.67200005,0.23200001,0.624
5930,0.23200001,0.688,0.23200001,0.624
5940,0.14400001,0.624,0.22400002,0.69600004
5950,0.192,0.7120001,0.208,0.65599996
5960,0.2,0.67200005,0.24800001,0.648
5970,0.2,0.65599996,0.14400001,0.64
5980,0.192,0.67200005,0.2,0.544
5990,0.2,0.688,0.216,0.648
6000,0.192,0.688,0.2,0.6
6010,0.2,0.648,0.22399999,0.60800004
6020,0.208,0.6560001,0.24,0.576
6030,0.184,0.63199997,0.24,0.744
6040,0.136,0.6,0.16,0.616
6050,0.152,0.66400003,0.22400002,0.6240001
6060,0.248,0.704,0.23200001,0.69600004
6070,0.14400001,0.66400003,0.26400003,0.61600006
6080,0.18400002,0.688,0.20000002,0.65599996
6090,0.176,0.616,0.208,0.67200005
6100,0.16,0.66400003,0.24,0.60800004
6110,0.208,0.69600004,0.16,0.66400003
6120,0.2,0.66400003,0.20799999,0.6
6130,0.176,0.64,0.16,0.616
6140,0.2,0.624,0.176,0.648
6150,0.192,0.68,0.168,0.6
6160,0.144,0.64,0.22400002,0.648
6170,0.152,0.59200007,0.2,0.736
6180,0.216,0.64,0.192,0.68
6190,0.216,0.76,0.2,0.59200007
6200,0.16800001,0.7200001,0.2,0.68
6210,0.248,0.616,0.14400001,0.62399995
6220,0.264,0.688,0.18400002,0.68
6230,0.15200001,0.65599996,0.18400002,0.584
6240,0.20799999,0.704,0.16,0.56
6250,0.16,0.64,0.2,0.632
6260,0.24,0.68,0.176,0.6
6270,0.216,0.54399997,0.24,0.63199997
6280,0.136,0.72,0.192,0.696
6290,0.24000002,0.632,0.20799999,0.68
6300,0.20799999,0.64,0.192,0.688
6310,0.22400002,0.616,0.192,0.67200005
6320,0.248,0.68,0.184,0.67200005
6330,0.176,0.744,0.18400002,0.704
6340,0.18400002,0.66400003,0.184,0.696
6350,0.2,0.68,0.16800001,0.648
6360,0.20000002,0.624,0.16,0.648
6370,0.168,0.69600004,0.22399999,0.66400003
6380,0.20799999,0.648,0.192,0.65599996
6390,0.21600002,0.6400001,0.216,0.66400003
6400,0.15200001,0.72,0.24,0.60800004
6410,0.2,0.6560001,0.24,0.648
6420,0.16,0.71199995,0.19199999,0.60800004
6430,0.136,0.63199997,0.23200001,0.696
6440,0.216,0.66400003,0.2,0.624
6450,0.24,0.61600006,0.2,0.624
6460,0.20799999,0.6,0.23200001,0.56
6470,0.2,0.64,0.2,0.64
6480,0.184,0.66400003,0.176,0.624
6490,0.168,0.616,0.2,0.648
6500,0.2,0.632,0.216,0.7440001
6510,0.19199999,0.72,0.248,0.64
6520,0.176,0.616,0.216,0.6560001
6530,0.192,0.768,0.24,0.64
6540,0.24,0.73600006,0.184,0.6640001
6550,0.18400002,0.632,0.216,0.66400003
6560,0.176,0.64,0.18400002,0.648
6570,0.22400002,0.63199997,0.216,0.7120001
6580,0.176,0.648,0.18400002,0.6560001
6590,0.136,0.72,0.18400002,0.632
6600,0.168,0.67200005,0.23200001,0.632
6610,0.192,0.6560001,0.24800001,0.68
6620,0.17600003,0.66400003,0.16,0.69600004
6630,0.168,0.624,0.24,0.616
6640,0.17599998,0.68,0.16800001,0.68
6650,0.22400002,0.6,0.2,0.616
6660,0.16800001,0.65599996,0.20799999,0.68
6670,0.23200001,0.67200005,0.16,0.68
6680,0.24800001,0.61600006,0.216,0.6
6690,0.176,0.60800004,0.136,0.6
6700,0.256,0.616,0.16,0.632
6710,0.192,0.584,0.23200001,0.65599996
6720,0.2,0.68,0.15200001,0.68
6730,0.216,0.704,0.128,0.67200005
6740,0.2,0.648,0.22400002,0.64
6750,0.192,0.6400001,0.18400002,0.648
6760,0.18400002,0.64,0.18400002,0.576
6770,0.2,0.696,0.16800001,0.64
6780,0.16800001,0.576,0.16,0.624
6790,0.24,0.7120001,0.176,0.672
6800,0.25599998,0.68000007,0.256,0.6400001
6810,0.23200001,0.648,0.16,0.66400003
6820,0.25599998,0.704,0.28,0.672
6830,0.192,0.72800004,0.184,0.648
6840,0.22399999,0.704,0.184,0.648
6850,0.248,0.68,0.256,0.632
6860,0.16,0.69600004,0.21600002,0.69600004
6870,0.176,0.73600006,0.22399999,0.71199995
6880,0.144,0.67200005,0.20799999,0.6400001
6890,0.20799999,0.66400003,0.16,0.744
6900,0.176,0.64,0.192,0.584
6910,0.22399999,0.752,0.20799999,0.64
6920,0.24,0.7120001,0.16,0.69600004
6930,0.18400002,0.648,0.256,0.6
6940,0.208,0.7040001,0.2,0.66400003
6950,0.216,0.6560001,0.192,0.648
6960,0.176,0.616,0.192,0.64
6970,0.192,0.688,0.248,0.648
6980,0.20799999,0.64,0.18400002,0.6
6990,0.22400002,0.632,0.16,0.57600003
7000,0.18400002,0.67200005,0.176,0.672
7010,0.216,0.648,0.16,0.6
7020,0.264,0.6560001,0.18400002,0.68
7030,0.25599998,0.632,0.296,0.648
7040,0.22400002,0.696,0.22400002,0.672
7050,0.20799999,0.696,0.24,0.65599996
7060,0.208,0.672,0.176,0.66400003
7070,0.2,0.60800004,0.26400003,0.648
7080,0.24,0.6400001,0.22400002,0.6560001
7090,0.22399999,0.648,0.192,0.69600004
7100,0.216,0.76,0.20799999,0.72
7110,0.176,0.68000007,0.184,0.72800004
7120,0.23200001,0.648,0.23200001,0.66400003
7130,0.168,0.65599996,0.16,0.632
7140,0.192,0.68,0.208,0.68
7150,0.26400003,0.7120001,0.208,0.68
7160,0.15200001,0.696,0.23200001,0.568
7170,0.192,0.7120001,0.216,0.69600004
7180,0.23200001,0.66400003,0.22399999,0.59199995
7190,0.16,0.632,0.272,0.66400003
7200,0.15200001,0.66400003,0.136,0.648
7210,0.22399999,0.61600006,0.176,0.68
7220,0.18400002,0.65599996,0.136,0.632
7230,0.168,0.6560001,0.18400002,0.688
7240,0.128,0.69600004,0.2,0.632
7250,0.24,0.66400003,0.16,0.68
7260,0.22400002,0.7120001,0.2,0.672
7270,0.264,0.616,0.24,0.616
7280,0.192,0.704,0.208,0.60800004
7290,0.21600002,0.71199995,0.176,0.68
7300,0.272,0.7120001,0.22399999,0.68
7310,0.26400003,0.6560001,0.168,0.6
7320,0.24800001,0.72,0.16800001,0.73600006
7330,0.216,0.624,0.192,0.65599996
7340,0.176,0.72800004,0.24,0.66400003
7350,0.168,0.648,0.23200001,0.6000001
7360,0.192,0.616,0.176,0.632
7370,0.20799999,0.672,0.18400002,0.624
7380,0.296,0.71199995,0.15200001,0.768
7390,0.216,0.73600006,0.2,0.72
7400,0.18400002,0.6560001,0.15200001,0.59200007
7410,0.136,0.66400003,0.184,0.66400003
7420,0.22400002,0.72,0.16800001,0.68
7430,0.256,0.736,0.208,0.616
7440,0.18400002,0.688,0.208,0.688
7450,0.20000002,0.68000007,0.20799999,0.616
7460,0.16800001,0.60800004,0.21599999,0.64
7470,0.168,0.69600004,0.216,0.66400003
7480,0.21599999,0.6560001,0.192,0.64
7490,0.176,0.67200005,0.192,0.66400003
7500,0.22400002,0.68000007,0.184,0.7120001
7510,0.19199999,0.67200005,0.24,0.696
7520,0.2,0.688,0.216,0.69600004
7530,0.15200001,0.688,0.192,0.696
7540,0.23200001,0.752,0.23200001,0.704
7550,0.176,0.6,0.192,0.6560001
7560,0.23200001,0.69600004,0.18400002,0.632
7570,0.176,0.61600006,0.22400002,0.672
7580,0.2,0.73600006,0.2,0.624
7590,0.24,0.624,0.192,0.59200007
7600,0.272,0.66400003,0.23200001,0.64
7610,0.216,0.68,0.22400002,0.672
7620,0.22400002,0.65599996,0.23200001,0.6560001
7630,0.24,0.68,0.144,0.696
7640,0.16800001,0.67200005,0.192,0.704
7650,0.2,0.67200005,0.24800001,0.648
7660,0.21600002,0.72800004,0.24,0.65599996
7670,0.216,0.68,0.176,0.672
7680,0.176,0.72800004,0.18400002,0.696
7690,0.176,0.688,0.2,0.632
7700,0.22399999,0.67200005,0.176,0.672
7710,0.24,0.65599996,0.152,0.69600004
7720,0.23200001,0.648,0.168,0.65599996
7730,0.192,0.704,0.208,0.648
7740,0.192,0.61600006,0.192,0.624
7750,0.18400002,0.61600006,0.16800001,0.66400003
7760,0.23200001,0.704,0.216,0.696
7770,0.22400002,0.73600006,0.208,0.632
7780,0.192,0.73600006,0.22399999,0.624
7790,0.176,0.71199995,0.264,0.648
7800,0.24800001,0.72,0.20799999,0.64
7810,0.24,0.624,0.216,0.6
7820,0.208,0.688,0.216,0.65599996
7830,0.216,0.72800004,0.26400003,0.72800004
7840,0.216,0.67200005,0.11200001,0.7120001
7850,0.20799999,0.68,0.20799999,0.624
7860,0.2,0.69600004,0.184,0.6
7870,0.208,0.736,0.176,0.66400003
7880,0.15200001,0.632,0.24,0.64
7890,0.2,0.616,0.13599999,0.696
7900,0.192,0.72800004,0.20799999,0.72
7910,0.208,0.704,0.208,0.72
7920,0.16800001,0.63199997,0.2,0.64799994
7930,0.176,0.60800004,0.21599999,0.67200005
7940,0.15200001,0.68,0.22400002,0.592
7950,0.256,0.688,0.21600002,0.71199995
7960,0.16,0.72800004,0.192,0.67200005
7970,0.24,0.704,0.2,0.71199995
7980,0.16800001,0.688,0.184,0.69600004
7990,0.17600003,0.696,0.192,0.64
8000,0.208,0.672,0.27199998,0.67200005
8010,0.192,0.648,0.20799999,0.73600006
8020,0.20799999,0.688,0.184,0.72
8030,0.22400002,0.7120001,0.18400002,0.6640001
8040,0.184,0.68,0.168,0.64
8050,0.24,0.69600004,0.176,0.76
8060,0.184,0.68799996,0.16800001,0.59200007
8070,0.18400002,0.696,0.24,0.69600004
8080,0.176,0.65599996,0.24,0.64
8090,0.18400002,0.69600004,0.2,0.736
8100,0.184,0.66400003,0.24,0.688
8110,0.208,0.648,0.20799999,0.68
8120,0.256,0.6560001,0.192,0.71199995
8130,0.20799999,0.72,0.216,0.624
8140,0.22400002,0.72800004,0.184,0.68
8150,0.192,0.64,0.20799999,0.77599996
8160,0.23200001,0.65599996,0.216,0.704
8170,0.2,0.68,0.2,0.752
8180,0.23200001,0.68000007,0.22400002,0.648
8190,0.18400002,0.704,0.28,0.68
8200,0.192,0.672,0.216,0.69600004
8210,0.20799999,0.72800004,0.192,0.64
8220,0.23200001,0.60800004,0.216,0.69600004
8230,0.2,0.696,0.216,0.66400003
8240,0.30400002,0.72800004,0.168,0.632
8250,0.23200001,0.624,0.2,0.7120001
8260,0.18400002,0.7120001,0.2,0.7040001
8270,0.136,0.68,0.2,0.69600004
8280,0.18400002,0.72,0.22400002,0.648
8290,0.2,0.68,0.16,0.72800004
8300,0.208,0.688,0.21599999,0.71199995
8310,0.168,0.64,0.18400002,0.704
8320,0.248,0.68,0.20799999,0.7440001
8330,0.176,0.68,0.20799999,0.688
8340,0.20799999,0.7120001,0.23200001,0.72800004
8350,0.16,0.73600006,0.216,0.688
8360,0.2,0.696,0.2,0.66400003
8370,0.16,0.688,0.14400001,0.752
8380,0.128,0.71199995,0.22399999,0.688
8390,0.184,0.72,0.17599998,0.64
8400,0.20799999,0.688,0.176,0.72
8410,0.23200001,0.744,0.16,0.71199995
8420,0.18400002,0.64,0.248,0.7120001
8430,0.176,0.696,0.2,0.6560001
8440,0.15200001,0.71199995,0.216,0.60800004
8450,0.2,0.72,0.216,0.624
8460,0.184,0.696,0.128,0.73600006
8470,0.208,0.71199995,0.2,0.68
8480,0.152,0.72,0.18400002,0.672
8490,0.24,0.73600006,0.176,0.63199997
8500,0.208,0.75200003,0.18400002,0.648
8510,0.24800001,0.736,0.24800001,0.75200003
8520,0.16,0.704,0.16,0.77599996
8530,0.192,0.704,0.136,0.72
8540,0.192,0.69600004,0.14400001,0.688
8550,0.192,0.736,0.192,0.68
8560,0.2,0.7440001,0.176,0.78400004
8570,0.216,0.688,0.25599998,0.69600004
8580,0.23200001,0.648,0.14400001,0.688
8590,0.15200001,0.704,0.23200001,0.6560001
8600,0.24,0.73600006,0.184,0.616
8610,0.216,0.6560001,0.24,0.66400003
8620,0.23200001,0.704,0.18400002,0.67200005
8630,0.168,0.624,0.22400002,0.616
8640,0.16,0.72800004,0.192,0.72800004
8650,0.2,0.69600004,0.136,0.72800004
8660,0.168,0.72800004,0.16,0.688
8670,0.2,0.688,0.24,0.688
8680,0.22400002,0.8,0.18400002,0.68
8690,0.16,0.696,0.192,0.6
8700,0.12,0.72800004,0.176,0.67200005
8710,0.28000003,0.688,0.15200001,0.616
8720,0.192,0.6560001,0.208,0.72800004
8730,0.20799999,0.68,0.176,0.704
8740,0.20799999,0.648,0.192,0.704
8750,0.192,0.672,0.168,0.68
8760,0.12,0.624,0.22400002,0.71199995
8770,0.256,0.688,0.192,0.63199997
8780,0.20799999,0.67200005,0.248,0.704
8790,0.176,0.704,0.192,0.71199995
8800,0.176,0.696,0.17600003,0.704
8810,0.16,0.768,0.192,0.73600006
8820,0.16,0.6560001,0.26400003,0.65599996
8830,0.208,0.64,0.208,0.744
8840,0.28800002,0.72,0.176,0.704
8850,0.23200001,0.72,0.20799999,0.68
8860,0.216,0.72800004,0.20799999,0.768
8870,0.136,0.68,0.208,0.69600004
8880,0.20799999,0.72,0.18400002,0.688
8890,0.184,0.648,0.24,0.75200003
8900,0.2,0.67200005,0.16,0.632
8910,0.20799999,0.696,0.22400002,0.704
8920,0.192,0.72,0.20799999,0.688
8930,0.23200001,0.704,0.208,0.752
8940,0.21600002,0.688,0.26400003,0.7040001
8950,0.23200001,0.66400003,0.256,0.68
8960,0.18400002,0.6560001,0.25599998,0.624
8970,0.2,0.72,0.20799999,0.688
8980,0.168,0.73600006,0.14400001,0.632
8990,0.208,0.696,0.24,0.69600004
9000,0.16800001,0.69600004,0.22399999,0.696
9010,0.16800001,0.72,0.20799999,0.696
9020,0.2,0.68,0.16,0.632
9030,0.192,0.78400004,0.15200001,0.75200003
9040,0.23200001,0.76,0.18400002,0.71199995
9050,0.168,0.68,0.192,0.768
9060,0.264,0.65599996,0.22400002,0.72
9070,0.176,0.68,0.192,0.68
9080,0.21600002,0.77599996,0.248,0.704
9090,0.16,0.65599996,0.192,0.73600006
9100,0.24,0.67200005,0.20799999,0.72800004
9110,0.2,0.744,0.168,0.72
9120,0.16800001,0.75200003,0.192,0.672
9130,0.184,0.672,0.192,0.688
9140,0.18400002,0.64,0.168,0.648
9150,0.20799999,0.73600006,0.23200001,0.69600004
9160,0.152,0.704,0.176,0.72800004
9170,0.24800001,0.68,0.192,0.68
9180,0.208,0.66400003,0.22399999,0.624
9190,0.128,0.75200003,0.20799999,0.736
9200,0.2,0.72,0.16,0.72800004
9210,0.184,0.688,0.184,0.72
9220,0.2,0.71199995,0.176,0.72
9230,0.232,0.688,0.22399999,0.67200005
9240,0.192,0.76000005,0.264,0.688
9250,0.16,0.6560001,0.20799999,0.72800004
9260,0.22400002,0.72800004,0.22399999,0.648
9270,0.152,0.7440001,0.208,0.72800004
9280,0.152,0.72800004,0.192,0.688
9290,0.144,0.736,0.2,0.65599996
9300,0.272,0.69600004,0.176,0.67200005
9310,0.23200001,0.7120001,0.16,0.696
9320,0.23200001,0.752,0.208,0.72800004
9330,0.2,0.688,0.192,0.68
9340,0.136,0.69600004,0.16800001,0.67200005
9350,0.24,0.648,0.192,0.704
9360,0.176,0.704,0.23200001,0.648
9370,0.24,0.72800004,0.184,0.704
9380,0.26400003,0.7200001,0.136,0.72
9390,0.192,0.72,0.152,0.73600006
9400,0.216,0.736,0.168,0.69600004
9410,0.18400002,0.672,0.17600003,0.68
9420,0.21600002,0.696,0.192,0.696
9430,0.2,0.68,0.16,0.6560001
9440,0.192,0.69600004,0.24800001,0.66400003
9450,0.192,0.736,0.176,0.72800004
9460,0.11200001,0.688,0.20799999,0.672
9470,0.22399999,0.704,0.17600003,0.7120001
9480,0.216,0.69600004,0.296,0.68
9490,0.22400002,0.7120001,0.256,0.704
9500,0.208,0.736,0.22400002,0.768
9510,0.22399999,0.744,0.14400001,0.696
9520,0.20799999,0.744,0.152,0.744
9530,0.152,0.672,0.18400002,0.7120001
9540,0.16800001,0.66400003,0.29600003,0.67200005
9550,0.256,0.73600006,0.208,0.79200006
9560,0.192,0.7120001,0.176,0.688
9570,0.176,0.768,0.24,0.744
9580,0.16800001,0.73600006,0.22399999,0.72
9590,0.16,0.696,0.15200001,0.704
9600,0.176,0.67200005,0.24000002,0.71199995
9610,0.24,0.768,0.18400002,0.72
9620,0.20799999,0.752,0.176,0.672
9630,0.128,0.688,0.192,0.72
9640,0.22400002,0.68,0.24,0.568
9650,0.16,0.71199995,0.2,0.71199995
9660,0.24,0.72800004,0.272,0.72
9670,0.16800001,0.68,0.24,0.688
9680,0.184,0.688,0.20799999,0.72
9690,0.25599998,0.704,0.18400002,0.76
9700,0.2,0.76,0.24,0.72800004
9710,0.176,0.72,0.192,0.72
9720,0.18400002,0.67200005,0.176,0.73600006
9730,0.176,0.704,0.2,0.672
9740,0.16,0.72800004,0.16,0.73600006
9750,0.208,0.752,0.208,0.69600004
9760,0.18400002,0.69600004,0.22400002,0.704
9770,0.216,0.69600004,0.16,0.76
9780,0.216,0.768,0.18400002,0.672
9790,0.20799999,0.704,0.2,0.66400003
9800,0.256,0.736,0.192,0.704
9810,0.22400002,0.72,0.168,0.768
9820,0.2,0.672,0.2,0.77599996
9830,0.216,0.72,0.22400002,0.7120001
9840,0.16,0.672,0.2,0.72
9850,0.16,0.68,0.192,0.688
9860,0.192,0.768,0.2,0.736
9870,0.192,0.69600004,0.192,0.752
9880,0.248,0.72800004,0.24800001,0.744
9890,0.24,0.73600006,0.18400002,0.792
9900,0.24,0.71199995,0.20799999,0.73600006
9910,0.136,0.736,0.29599997,0.68
9920,0.20799999,0.72,0.16,0.7120001
9930,0.216,0.71199995,0.18400002,0.72800004
9940,0.192,0.72,0.216,0.704
9950,0.111999996,0.688,0.192,0.68
9960,0.16,0.76,0.18400002,0.68
9970,0.22399999,0.752,0.24,0.7120001
9980,0.2,0.60800004,0.23200001,0.752
9990,0.18400002,0.66400003,0.26400003,0.672
10000,0.176,0.6560001,0.23200001,0.67200005
10010,0.22400002,0.72,0.28,0.752
10020,0.18400002,0.7760001,0.216,0.704
10030,0.208,0.84800005,0.256,0.648
10040,0.184,0.73600006,0.264,0.69600004
10050,0.2,0.688,0.168,0.68
10060,0.20799999,0.71199995,0.28,0.66400003
10070,0.216,0.69600004,0.136,0.71199995
10080,0.18400002,0.76,0.136,0.68
10090,0.192,0.72800004,0.22400002,0.73600006
10100,0.2,0.672,0.136,0.76
10110,0.20799999,0.64,0.216,0.72800004
10120,0.208,0.752,0.22400002,0.7120001
10130,0.2,0.72,0.272,0.67200005
10140,0.168,0.72,0.24800001,0.72800004
10150,0.176,0.8,0.23200001,0.73600006
10160,0.16,0.73600006,0.192,0.608
10170,0.23200001,0.704,0.24800001,0.624
10180,0.16,0.68,0.23200001,0.8
10190,0.16,0.752,0.192,0.76
10200,0.192,0.75200003,0.176,0.71199995
10210,0.216,0.648,0.216,0.67200005
10220,0.22400002,0.75200003,0.16800001,0.72800004
10230,0.208,0.76,0.20799999,0.75200003
10240,0.176,0.704,0.152,0.75200003
10250,0.192,0.7200001,0.176,0.6560001
10260,0.216,0.76,0.18400002,0.72800004
10270,0.2,0.77599996,0.216,0.744
10280,0.184,0.7120001,0.18400002,0.65599996
10290,0.192,0.72800004,0.176,0.744
10300,0.22400002,0.78400004,0.25599998,0.68
10310,0.2,0.704,0.24800001,0.66400003
10320,0.22399999,0.632,0.23200001,0.688
10330,0.256,0.72,0.216,0.736
10340,0.152,0.72,0.168,0.624
10350,0.18400002,0.688,0.2,0.704
10360,0.16,0.72800004,0.18400002,0.72
10370,0.22400002,0.72,0.22400002,0.72
10380,0.24,0.76,0.21599999,0.73600006
10390,0.16800001,0.792,0.192,0.768
10400,0.2,0.78400004,0.20799999,0.72800004
10410,0.192,0.72800004,0.18400002,0.73600006
10420,0.16800001,0.7120001,0.23200001,0.744
10430,0.22400002,0.7760001,0.21599999,0.64
10440,0.192,0.7120001,0.136,0.68
10450,0.24,0.72,0.20799999,0.73600006
10460,0.24,0.744,0.176,0.72
10470,0.232,0.648,0.216,0.736
10480,0.14400001,0.7120001,0.2,0.7120001
10490,0.264,0.73600006,0.16,0.688
10500,0.23200001,0.672,0.20799999,0.704
10510,0.23200001,0.66400003,0.12,0.752
10520,0.216,0.736,0.2,0.71199995
10530,0.272,0.72,0.22399999,0.7040001
10540,0.176,0.744,0.22400002,0.71199995
10550,0.16,0.76,0.23200001,0.768
10560,0.216,0.76,0.28,0.71199995
10570,0.152,0.744,0.176,0.73600006
10580,0.168,0.8,0.17599998,0.768
10590,0.16800001,0.72,0.12,0.69600004
10600,0.184,0.72,0.24,0.696
10610,0.20000002,0.71199995,0.24,0.72
10620,0.216,0.72,0.136,0.744
10630,0.2,0.688,0.16,0.704
10640,0.14400001,0.768,0.21600002,0.768
10650,0.216,0.72,0.24800001,0.67200005
10660,0.208,0.736,0.23200001,0.808
10670,0.23200001,0.696,0.128,0.736
10680,0.2,0.688,0.2,0.7760001
10690,0.176,0.77599996,0.2,0.72800004
10700,0.2,0.704,0.20799999,0.73600006
10710,0.208,0.688,0.16,0.68
10720,0.184,0.76,0.2,0.72800004
10730,0.2,0.77599996,0.23200001,0.7120001
10740,0.208,0.744,0.22399999,0.73600006
10750,0.14400001,0.76,0.192,0.76
10760,0.192,0.76,0.192,0.744
10770,0.136,0.71199995,0.248,0.71199995
10780,0.192,0.752,0.16,0.66400003
10790,0.192,0.7760001,0.192,0.8
10800,0.192,0.78400004,0.16800001,0.768
10810,0.176,0.76,0.23200001,0.704
10820,0.272,0.71199995,0.2,0.696
10830,0.111999996,0.76,0.16800001,0.73600006
10840,0.23200001,0.75200003,0.23200001,0.7120001
10850,0.168,0.7760001,0.18400002,0.68
10860,0.208,0.768,0.17600003,0.76
10870,0.23200001,0.744,0.192,0.792
10880,0.168,0.7040001,0.216,0.76
10890,0.2,0.688,0.18400002,0.736
10900,0.24,0.7120001,0.176,0.7120001
10910,0.192,0.768,0.18400002,0.72800004
10920,0.2,0.71199995,0.23200001,0.76
10930,0.256,0.688,0.28000003,0.792
10940,0.16,0.76,0.192,0.69600004
10950,0.22399999,0.768,0.15200001,0.72800004
10960,0.2,0.76,0.192,0.704
10970,0.192,0.752,0.17600003,0.744
10980,0.18400002,0.72,0.2,0.72800004
10990,0.22399999,0.736,0.22399999,0.704
11000,0.20799999,0.72800004,0.14400001,0.72
11010,0.23200001,0.72,0.18400002,0.76
11020,0.20799999,0.78400004,0.17599998,0.75200003
11030,0.16,0.76,0.216,0.73600006
11040,0.256,0.81600004,0.2,0.66400003
11050,0.18400002,0.72,0.208,0.792
11060,0.22399999,0.768,0.25599998,0.808
11070,0.2,0.73600006,0.192,0.76
11080,0.24,0.7120001,0.192,0.6560001
11090,0.23200001,0.72,0.23200001,0.78400004
11100,0.176,0.76000005,0.2,0.72800004
11110,0.216,0.824,0.192,0.67200005
11120,0.20799999,0.76,0.176,0.71199995
11130,0.192,0.71199995,0.208,0.72800004
11140,0.15200001,0.752,0.216,0.744
11150,0.18400002,0.73600006,0.22400002,0.752
11160,0.184,0.71199995,0.22400002,0.7120001
11170,0.216,0.68799996,0.23200001,0.7760001
11180,0.184,0.744,0.184,0.736
11190,0.16800001,0.768,0.15200001,0.83199996
11200,0.216,0.736,0.24,0.78400004
11210,0.216,0.76799995,0.192,0.7760001
11220,0.16,0.816,0.18400002,0.72800004
11230,0.2,0.736,0.18400002,0.78400004
11240,0.22400002,0.752,0.216,0.7760001
11250,0.18400002,0.744,0.2,0.752
11260,0.16800001,0.77599996,0.216,0.78400004
11270,0.20799999,0.81600004,0.176,0.69600004
11280,0.22400002,0.78400004,0.21599999,0.7760001
11290,0.22400002,0.736,0.18400002,0.768
11300,0.22399999,0.744,0.216,0.76
11310,0.216,0.752,0.192,0.78400004
11320,0.176,0.76,0.2,0.72
11330,0.20799999,0.76,0.16,0.73600006
11340,0.20799999,0.75200003,0.14400001,0.78400004
11350,0.16,0.72,0.192,0.72800004
11360,0.192,0.824,0.176,0.76
11370,0.20799999,0.72,0.216,0.744
11380,0.16800001,0.7120001,0.168,0.72
11390,0.256,0.71199995,0.21599999,0.768
11400,0.2,0.8,0.15200001,0.816
11410,0.16,0.752,0.128,0.72
11420,0.18400002,0.744,0.16,0.79200006
11430,0.208,0.77599996,0.22399999,0.752
11440,0.16800001,0.768,0.208,0.752
11450,0.192,0.8,0.16800001,0.752
11460,0.2,0.808,0.22399999,0.79200006
11470,0.2,0.73600006,0.20799999,0.71199995
11480,0.216,0.77599996,0.256,0.72
11490,0.28,0.84800005,0.216,0.72800004
11500,0.22399999,0.75200003,0.22400002,0.6640001
11510,0.176,0.73600006,0.22399999,0.73600006
11520,0.16800001,0.792,0.18400002,0.72800004
11530,0.2,0.744,0.2,0.68
11540,0.192,0.752,0.184,0.75200003
11550,0.16,0.76,0.2,0.77599996
11560,0.168,0.76,0.28000003,0.744
11570,0.192,0.824,0.23200001,0.72
11580,0.16800001,0.73600006,0.22400002,0.736
11590,0.22400002,0.72800004,0.20799999,0.688
11600,0.168,0.768,0.192,0.816
11610,0.176,0.72,0.256,0.736
11620,0.176,0.744,0.2,0.72
11630,0.168,0.76,0.22400002,0.7440001
11640,0.20799999,0.7760001,0.184,0.7760001
11650,0.24800001,0.76,0.192,0.76799995
11660,0.14400001,0.744,0.184,0.7040001
11670,0.23200001,0.73600006,0.176,0.744
11680,0.2,0.688,0.176,0.72800004
11690,0.2,0.8,0.24800001,0.768
11700,0.192,0.704,0.23200001,0.736
11710,0.2,0.744,0.16,0.768
11720,0.18400002,0.8,0.15200001,0.78400004
11730,0.22400002,0.752,0.192,0.768
11740,0.2,0.81600004,0.16,0.71199995
11750,0.192,0.78400004,0.21599999,0.76
11760,0.256,0.76,0.216,0.76
11770,0.24,0.73600006,0.2,0.808
11780,0.256,0.77599996,0.192,0.71199995
11790,0.2,0.79200006,0.168,0.69600004
11800,0.18400002,0.736,0.25599998,0.704
11810,0.18400002,0.744,0.20799999,0.752
11820,0.216,0.704,0.168,0.7760001
11830,0.22400002,0.73600006,0.192,0.69600004
11840,0.18400002,0.71199995,0.168,0.672
11850,0.144,0.78400004,0.24,0.808
11860,0.15200001,0.76,0.2,0.77599996
11870,0.18400002,0.72,0.24,0.75200003
11880,0.176,0.72800004,0.192,0.744
11890,0.248,0.744,0.144,0.752
11900,0.2,0.7440001,0.2,0.768
11910,0.176,0.768,0.2,0.7760001
11920,0.20799999,0.856,0.17600003,0.752
11930,0.192,0.792,0.232,0.76
11940,0.208,0.808,0.21599999,0.73600006
11950,0.176,0.73600006,0.176,0.77599996
11960,0.152,0.77599996,0.192,0.76799995
11970,0.2,0.792,0.168,0.63199997
11980,0.16800001,0.7760001,0.11200001,0.71199995
11990,0.24,0.81600004,0.19199999,0.744
12000,0.192,0.816,0.216,0.768
12010,0.25599998,0.808,0.23200001,0.7840001
12020,0.192,0.77599996,0.15200001,0.76
12030,0.208,0.7760001,0.16800001,0.808
12040,0.16,0.72,0.16,0.76
12050,0.22400002,0.78400004,0.256,0.77599996
12060,0.26400003,0.792,0.2,0.8
12070,0.18400002,0.77599996,0.20799999,0.704
12080,0.192,0.752,0.18400002,0.76
12090,0.256,0.77599996,0.176,0.768
12100,0.18400002,0.808,0.216,0.67200005
12110,0.184,0.73600006,0.16800001,0.78400004
12120,0.208,0.73600006,0.192,0.77599996
12130,0.192,0.8,0.176,0.744
12140,0.2,0.808,0.16,0.744
12150,0.176,0.78400004,0.20799999,0.75200003
12160,0.18400002,0.75200003,0.176,0.736
12170,0.216,0.77599996,0.18400002,0.77599996
12180,0.208,0.77599996,0.25599998,0.78400004
12190,0.248,0.808,0.2,0.752
12200,0.176,0.792,0.208,0.792
12210,0.184,0.69600004,0.216,0.768
12220,0.15200001,0.81600004,0.2,0.792
12230,0.16800001,0.76,0.20799999,0.7120001
12240,0.24,0.72800004,0.192,0.768
12250,0.17599998,0.73600006,0.216,0.75200003
12260,0.216,0.8,0.30400002,0.752
12270,0.24800001,0.824,0.14400001,0.79200006
12280,0.20799999,0.808,0.192,0.79200006
12290,0.192,0.768,0.18400002,0.72800004
12300,0.26400003,0.7760001,0.16800001,0.72800004
12310,0.16800001,0.736,0.216,0.79200006
12320,0.232,0.808,0.22399999,0.77599996
12330,0.16,0.79200006,0.23200001,0.71199995
12340,0.20799999,0.792,0.26400003,0.76
12350,0.208,0.768,0.192,0.752
12360,0.208,0.768,0.184,0.78400004
12370,0.216,0.84800005,0.192,0.768
12380,0.192,0.79200006,0.216,0.768
12390,0.2,0.76,0.216,0.752
12400,0.192,0.8,0.256,0.72800004
12410,0.216,0.78400004,0.208,0.752
12420,0.20799999,0.77599996,0.26400003,0.85600007
12430,0.192,0.76799995,0.22400002,0.76
12440,0.16,0.72800004,0.16,0.768
12450,0.2,0.8,0.192,0.696
12460,0.216,0.768,0.152,0.8
12470,0.23200001,0.76,0.18400002,0.73600006
12480,0.14400001,0.77599996,0.168,0.74399996
12490,0.24800001,0.75200003,0.24,0.736
12500,0.192,0.704,0.192,0.792
12510,0.15200001,0.7760001,0.192,0.696
12520,0.176,0.736,0.176,0.76
12530,0.216,0.744,0.2,0.768
12540,0.176,0.84,0.16800001,0.768
12550,0.272,0.84,0.216,0.752
12560,0.21599999,0.71199995,0.24,0.79200006
12570,0.21599999,0.7120001,0.24800001,0.78400004
12580,0.192,0.85600007,0.184,0.824
12590,0.2,0.8,0.20799999,0.792
12600,0.216,0.72,0.18400002,0.736
12610,0.272,0.78400004,0.176,0.744
12620,0.16,0.752,0.22400002,0.79200006
12630,0.14400001,0.79200006,0.208,0.77599996
12640,0.2,0.7760001,0.20799999,0.72
12650,0.208,0.76,0.192,0.75200003
12660,0.176,0.792,0.192,0.7279999
12670,0.16,0.81600004,0.216,0.816
12680,0.288,0.75200003,0.176,0.72
12690,0.20799999,0.752,0.192,0.77599996
12700,0.248,0.8,0.22399999,0.7760001
12710,0.176,0.7760001,0.2,0.768
12720,0.15200001,0.84800005,0.216,0.768
12730,0.22400002,0.7760001,0.184,0.73600006
12740,0.176,0.7760001,0.22399999,0.792
12750,0.20799999,0.84,0.216,0.78400004
12760,0.18400002,0.7760001,0.22400002,0.78400004
12770,0.22400002,0.8,0.22399999,0.72
12780,0.2,0.79200006,0.22399999,0.7760001
12790,0.192,0.768,0.24,0.77599996
12800,0.24,0.81600004,0.22399999,0.7279999
12810,0.22400002,0.744,0.24,0.72800004
12820,0.176,0.76,0.216,0.73600006
12830,0.184,0.768,0.16800001,0.78400004
12840,0.26400003,0.8,0.256,0.7840001
12850,0.208,0.78400004,0.26400003,0.77599996
12860,0.216,0.78400004,0.176,0.81600004
12870,0.2,0.8,0.20799999,0.78400004
12880,0.15200001,0.832,0.24800001,0.768
12890,0.168,0.736,0.22400002,0.72800004
12900,0.176,0.8,0.18400002,0.77599996
12910,0.20799999,0.81600004,0.136,0.7760001
12920,0.208,0.824,0.136,0.69600004
12930,0.22399999,0.78400004,0.248,0.736
12940,0.192,0.808,0.152,0.808
12950,0.28000003,0.8,0.16,0.84
12960,0.184,0.792,0.24,0.808
12970,0.152,0.78400004,0.152,0.78400004
12980,0.2,0.78400004,0.2,0.79200006
12990,0.20000002,0.84800005,0.2,0.816
13000,0.23200001,0.77599996,0.176,0.78400004
13010,0.22400002,0.7839999,0.216,0.832
13020,0.192,0.792,0.28800002,0.75200003
13030,0.216,0.76,0.192,0.8
13040,0.16,0.82399994,0.22400002,0.744
13050,0.192,0.8,0.23200001,0.8
13060,0.16,0.78400004,0.192,0.76
13070,0.168,0.77599996,0.22400002,0.76
13080,0.18400002,0.7760001,0.168,0.77599996
13090,0.18400002,0.7760001,0.20799999,0.76799995
13100,0.216,0.73600006,0.2,0.704
13110,0.168,0.78400004,0.248,0.7840001
13120,0.144,0.808,0.184,0.7760001
13130,0.18400002,0.82399994,0.2,0.79200006
13140,0.192,0.768,0.24800001,0.78400004
13150,0.168,0.84,0.22400002,0.808
13160,0.2,0.768,0.216,0.76
13170,0.2,0.78400004,0.24,0.76
13180,0.18400002,0.77599996,0.128,0.792
13190,0.18400002,0.7760001,0.192,0.768
13200,0.22400002,0.78400004,0.16800001,0.808
13210,0.16800001,0.78400004,0.176,0.69600004
13220,0.23200001,0.792,0.216,0.75200003
13230,0.176,0.744,0.192,0.72
13240,0.192,0.8,0.20799999,0.752
13250,0.192,0.78400004,0.176,0.71199995
13260,0.208,0.84,0.26400003,0.72800004
13270,0.192,0.744,0.20799999,0.808
13280,0.192,0.824,0.192,0.76
13290,0.24,0.85600007,0.20799999,0.76
13300,0.16800001,0.7760001,0.192,0.75200003
13310,0.184,0.8,0.192,0.824
13320,0.168,0.832,0.192,0.808
13330,0.272,0.8,0.176,0.72800004
13340,0.216,0.83199996,0.23200001,0.824
13350,0.17600003,0.824,0.18400002,0.8
13360,0.2,0.78400004,0.184,0.72
13370,0.24800001,0.76,0.2,0.8
13380,0.14400001,0.744,0.16,0.77599996
13390,0.256,0.792,0.26400003,0.73600006
13400,0.26400003,0.792,0.24000002,0.76
13410,0.20799999,0.77599996,0.16800001,0.752
13420,0.24,0.856,0.2,0.72
13430,0.192,0.752,0.192,0.768
13440,0.192,0.8,0.192,0.78400004
13450,0.20799999,0.83199996,0.192,0.7120001
13460,0.23200001,0.81600004,0.24,0.792
13470,0.176,0.768,0.2,0.768
13480,0.20799999,0.75200003,0.192,0.824
13490,0.24,0.81600004,0.2,0.76
13500,0.28800002,0.84800005,0.16,0.84800005
13510,0.2,0.792,0.23200001,0.8
13520,0.16,0.824,0.18400002,0.768
13530,0.184,0.824,0.23200001,0.736
13540,0.184,0.808,0.288,0.7120001
13550,0.184,0.78400004,0.2,0.7760001
13560,0.16,0.768,0.24,0.816
13570,0.20799999,0.8,0.23200001,0.8
13580,0.16,0.8,0.22399999,0.78400004
13590,0.23200001,0.84800005,0.22400002,0.704
13600,0.208,0.856,0.2,0.7760001
13610,0.216,0.768,0.23200001,0.792
13620,0.2,0.82399994,0.192,0.81600004
13630,0.248,0.8,0.168,0.792
13640,0.192,0.83199996,0.192,0.78400004
13650,0.216,0.84800005,0.21600002,0.736
13660,0.208,0.81600004,0.176,0.77599996
13670,0.16800001,0.792,0.2,0.7760001
13680,0.16800001,0.85600007,0.18400002,0.76
13690,0.2,0.78400004,0.176,0.78400004
13700,0.2,0.7840001,0.192,0.808
13710,0.192,0.824,0.18400002,0.76
13720,0.216,0.84800005,0.24,0.8
13730,0.23200001,0.72800004,0.24,0.75200003
13740,0.216,0.84,0.29600003,0.7760001
13750,0.20799999,0.72,0.192,0.79200006
13760,0.22399999,0.8,0.192,0.792
13770,0.192,0.752,0.2,0.73600006
13780,0.22400002,0.888,0.28,0.75200003
13790,0.216,0.816,0.16,0.768
13800,0.176,0.7440001,0.2,0.752
13810,0.216,0.78400004,0.18400002,0.824
13820,0.192,0.808,0.18400002,0.75200003
13830,0.216,0.85600007,0.192,0.792
13840,0.176,0.816,0.18400002,0.76
13850,0.192,0.744,0.2,0.7760001
13860,0.184,0.84,0.136,0.8
13870,0.216,0.824,0.136,0.77599996
13880,0.208,0.84,0.176,0.744
13890,0.216,0.768,0.168,0.744
13900,0.2,0.824,0.184,0.744
13910,0.208,0.78400004,0.23200001,0.81600004
13920,0.184,0.808,0.248,0.752
13930,0.144,0.80799997,0.2,0.792
13940,0.22400002,0.8,0.24,0.768
13950,0.22400002,0.808,0.16,0.84
13960,0.2,0.84,0.192,0.72800004
13970,0.2,0.79200006,0.2,0.768
13980,0.22399999,0.76799995,0.18400002,0.86399996
13990,0.16,0.76,0.2,0.768
14000,0.136,0.84799993,0.20799999,0.744
14010,0.23200001,0.77599996,0.216,0.792
14020,0.216,0.816,0.23200001,0.78400004
14030,0.208,0.7840001,0.192,0.76
14040,0.176,0.8,0.2,0.752
14050,0.16,0.76,0.216,0.816
14060,0.176,0.78400004,0.16,0.768
14070,0.168,0.77599996,0.16800001,0.77599996
14080,0.176,0.81600004,0.208,0.76
14090,0.208,0.8240001,0.192,0.768
14100,0.176,0.808,0.192,0.81600004
14110,0.192,0.768,0.216,0.79200006
14120,0.192,0.84800005,0.16800001,0.752
14130,0.22400002,0.832,0.184,0.792
14140,0.232,0.816,0.2,0.88
14150,0.22400002,0.83199996,0.24,0.8
14160,0.176,0.8,0.24,0.71199995
14170,0.22400002,0.81600004,0.248,0.79200006
14180,0.20799999,0.808,0.18400002,0.83199996
14190,0.22400002,0.78400004,0.248,0.768
14200,0.176,0.7760001,0.16,0.872
14210,0.18400002,0.82399994,0.272,0.808
14220,0.16800001,0.77599996,0.16,0.7839999
14230,0.18400002,0.808,0.18400002,0.76
14240,0.24,0.864,0.18400002,0.824
14250,0.2,0.752,0.192,0.808
14260,0.15200001,0.768,0.184,0.79200006
14270,0.136,0.808,0.24800001,0.8
14280,0.2,0.8,0.22399999,0.768
14290,0.15200001,0.75200003,0.216,0.76
14300,0.20799999,0.85600007,0.192,0.736
14310,0.216,0.8,0.216,0.76
14320,0.2,0.78400004,0.184,0.78400004
14330,0.2,0.736,0.20799999,0.78400004
14340,0.18400002,0.8,0.2,0.79200006
14350,0.20799999,0.78400004,0.22400002,0.808
14360,0.15200001,0.84,0.176,0.8
14370,0.176,0.768,0.18400002,0.744
14380,0.2,0.856,0.2,0.808
14390,0.23200001,0.84,0.16,0.792
14400,0.26400003,0.76,0.216,0.832
14410,0.22399999,0.808,0.2,0.8
14420,0.22400002,0.77599996,0.14400001,0.78400004
14430,0.14400001,0.824,0.256,0.808
14440,0.192,0.792,0.216,0.792
14450,0.184,0.872,0.208,0.83199996
14460,0.22399999,0.78400004,0.12,0.768
14470,0.184,0.7760001,0.192,0.8
14480,0.2,0.77599996,0.2,0.73600006
14490,0.168,0.84,0.168,0.79200006
14500,0.184,0.768,0.128,0.76
14510,0.16800001,0.824,0.176,0.72800004
14520,0.2,0.824,0.192,0.832
14530,0.2,0.768,0.20799999,0.83199996
14540,0.111999996,0.808,0.16,0.768
14550,0.24,0.8,0.24,0.752
14560,0.18400002,0.75200003,0.216,0.78400004
14570,0.176,0.824,0.208,0.77599996
14580,0.216,0.768,0.18400002,0.8240001
14590,0.2,0.78400004,0.16,0.792
14600,0.216,0.808,0.18400002,0.7760001
14610,0.23200001,0.768,0.16,0.8
14620,0.208,0.752,0.192,0.78400004
14630,0.216,0.8,0.136,0.808
14640,0.2,0.76,0.23200001,0.81600004
14650,0.22399999,0.832,0.18400002,0.816
14660,0.20799999,0.85600007,0.216,0.81600004
14670,0.2,0.84,0.176,0.808
14680,0.20799999,0.824,0.192,0.768
14690,0.26400003,0.768,0.136,0.77599996
14700,0.192,0.79200006,0.208,0.752
14710,0.18400002,0.78400004,0.248,0.73600006
14720,0.2,0.8,0.216,0.8240001
14730,0.216,0.816,0.192,0.8
14740,0.16,0.792,0.22400002,0.824
14750,0.248,0.824,0.21600002,0.78400004
14760,0.168,0.792,0.2,0.752
14770,0.232,0.816,0.152,0.744
14780,0.136,0.78400004,0.184,0.78400004
14790,0.20799999,0.78400004,0.136,0.816
14800,0.26400003,0.816,0.216,0.84
14810,0.168,0.824,0.26400003,0.77599996
14820,0.176,0.84,0.176,0.816
14830,0.192,0.792,0.136,0.84
14840,0.24,0.824,0.168,0.8
14850,0.2,0.78400004,0.20799999,0.872
14860,0.192,0.816,0.20799999,0.84800005
14870,0.22400002,0.84800005,0.2,0.792
14880,0.23200001,0.808,0.23200001,0.824
14890,0.176,0.8,0.176,0.8
14900,0.272,0.824,0.144,0.81600004
14910,0.2,0.816,0.192,0.78400004
14920,0.256,0.83199996,0.23200001,0.82399994
14930,0.18400002,0.75200003,0.21600002,0.82399994
14940,0.23200001,0.78400004,0.22399999,0.752
14950,0.2,0.77599996,0.2,0.792
14960,0.216,0.78400004,0.23200001,0.76
14970,0.2,0.83199996,0.2,0.82399994
14980,0.208,0.768,0.21600002,0.84
14990,0.216,0.8,0.192,0.78400004
